原子质量	amu
巴	bar
平方厘米	cm²
立方厘米	cm³
厘米	cm
美担	cwt
摄氏度	°C
分贝	dB
立方分米	dm³
分米	dm
英尺	ft
华氏度	°F
吉字节	GB
吉赫兹	GHz
吉帕斯卡	GPa
吉瓦时	GWh
吉瓦	GW
戈瑞	gy
小时	h
公顷	ha
赫兹	Hz
千比特每秒	kbps
千比特一秒	kbps
千卡	kcal
千焦	kJ
千克力	kgf
千克	kg
公斤	kg
千赫兹	kHz
平方千米	km²
公里	km
公里每小时	km/h
公里一小时	km/h
千米	km
千米每小时	km/h
千米一小时	km/h
千帕	kPa
千瓦时	kWh
千瓦	kW
磅	lbs
平方米	m²
立方米	m³
兆比特每秒	mbps
兆比特一秒	mbps
克	g
毫克	mg
兆赫兹	MHz
平方英里	mi²
分钟	min
英里	mi
平方毫米	mm²
毫米	mm
兆帕	MPa
英里每小时	mph
英里一小时	mph
毫秒	ms
毫伏	mV
毫瓦	mW
千伏	kV
米	m
纳克	ng
纳米	nm
纳秒	ns
盎司	oz
度	°
帕斯卡	Pa
皮克	pg
皮秒	ps
弧度	rad
转每分	rpm
平方英尺	ft²
平方英里	mi²
系沃特	sv
秒	s
太字节	tb
万亿焦耳	tj
台两	tl
伏特	V
码	yd
微克	μg
微米	μm
微秒	μs
欧米茄	ω
度	°
摩尔	mol
克每分升	g/dL
毫克每分升	mg/dL
每高倍视野	/HPF
每低倍视野	/LPF
每毫米汞柱	/mmHg
毫米汞柱	mmHg
每厘米水柱	/cmH₂O
厘米水柱	cmH₂O
每千升	/kL
每升	/L
每分升	/dL
每厘升	/cL
每毫升	/mL
每微升	/μL
每纳升	/nL
每皮升	/pL
千升	kL
升	L
分升	dL
厘升	cL
毫升	mL
微升	μL
纳升	nL
皮升	pL
飞升	fL
体积百分比	vol%
毫升每分钟	mL/min
毫米每小时	mm/h
毫西门子每厘米	mS/cm
微西门子每厘米	μS/cm
西门子每米	S/m
毫渗量每公斤水	mOsm/kgH₂O
毫渗量每千克水	mOsm/kgH₂O
毫渗量每公斤	mOsm/kg
毫渗量每升	mOsm/L
渗量每公斤水	Osm/kgH₂O
渗量每千克水	Osm/kgH₂O
渗量每公斤	Osm/kg
渗量每升	Osm/L
毫渗摩尔每公斤水	mOsm/kgH₂O
毫渗摩尔每千克水	mOsm/kgH₂O
毫渗摩尔每公斤	mOsm/kg
毫渗摩尔每升	mOsm/L
渗摩尔每公斤水	Osm/kgH₂O
渗摩尔每千克水	Osm/kgH₂O
渗摩尔每公斤	Osm/kg
渗摩尔每升	Osm/L
渗透压摩尔每千克	Osm/kg
渗透压摩尔每升	Osm/L
毫渗量	mOsm
毫当量每升	mEq/L
微当量每升	μEq/L
当量每升	Eq/L
毫吸光度单位每厘米	mAU/cm
毫吸光度	mAU
吸光度	AU
毫帕秒	MPa·s
